{
  "系数": [
    0.711097138979589,
    1.052812160114629,
    0.5391968208600367,
    0.20678214380328597,
    0.08602497496043375,
    -0.060903831858258074,
    -0.07382891888811295,
    0.32748072621132124,
    -0.12691528991666726,
    -0.5324257544392835,
    0.42562595195104885,
    -0.2163123132956131,
    -0.046321266963936014,
    -0.026191170109068518
  ],
  "截距": -0.01333485173965018,
  "特征名称": [
    "睡眠障碍",
    "焦虑程度",
    "肿瘤分期",
    "营养风险",
    "血清白蛋白",
    "年龄",
    "疼痛",
    "社会支持",
    "BMI分类",
    "放疗次数",
    "合并症指数",
    "性别",
    "婚姻状况",
    "教育程度"
  ],
  "标准化均值": [
    0.512,
    2.476,
    2.386,
    0.474,
    37.584234099864425,
    55.809448159241015,
    0.448,
    1.956,
    2.476,
    2.426,
    2.05,
    1.51,
    2.604,
    2.994
  ],
  "标准化标准差": [
    0.4998559792580259,
    1.1495320787172492,
    1.0885788901131603,
    0.4993235424051224,
    4.914956930782731,
    9.93531359691024,
    0.49728864857344174,
    0.8185743704758902,
    1.126687179300448,
    1.102961468048635,
    0.8243178998420451,
    0.4998999899979995,
    1.116773925197038,
    1.4120779015337646
  ]
}